Actual Salary,Predicted Salary
112636.0,115791.21011287419
67939.0,71499.2780946286
113813.0,102597.86866063082
83089.0,75268.80422384098
64446.0,55478.79204547593
57190.0,60190.699706991414
